{"cameraMode":{"drawMode":0,"name":"Shaded","section":"Shading Mode"},"sceneLighting":false,"audioPlay":false,"sceneViewState":{"showFog":true,"showMaterialUpdate":false,"showSkybox":false,"showFlares":true,"showImageEffects":true,"showParticleSystems":true},"in2DMode":false,"pivot":{"x":-27.077747344970704,"y":4.565731525421143,"z":-598.9503173828125},"rotation":{"x":-0.10590221732854843,"y":0.08610278367996216,"z":-0.009201561100780964,"w":-0.9906216859817505},"size":1.4660253524780274,"orthographic":false}