{"cameraMode":{"drawMode":0,"name":"Shaded","section":"Shading Mode"},"sceneLighting":false,"audioPlay":false,"sceneViewState":{"showFog":true,"showMaterialUpdate":false,"showSkybox":false,"showFlares":true,"showImageEffects":true,"showParticleSystems":true},"in2DMode":false,"pivot":{"x":-6.7761759757995609,"y":-7.119250297546387,"z":7.653746128082275},"rotation":{"x":0.29661864042282107,"y":-0.4023420810699463,"z":0.13519024848937989,"w":0.8562051057815552},"size":10.604583740234375,"orthographic":false}