{"cameraMode":{"drawMode":0,"name":"Shaded","section":"Shading Mode"},"sceneLighting":false,"audioPlay":false,"sceneViewState":{"showFog":true,"showMaterialUpdate":false,"showSkybox":true,"showFlares":true,"showImageEffects":true,"showParticleSystems":true},"in2DMode":false,"pivot":{"x":87.36884307861328,"y":37.381690979003909,"z":-313.08203125},"rotation":{"x":0.1476607322692871,"y":0.19415079057216645,"z":-0.033224597573280337,"w":0.969802975654602},"size":177.105712890625,"orthographic":false}