{"cameraMode":{"drawMode":0,"name":"Shaded","section":"Shading Mode"},"sceneLighting":false,"audioPlay":false,"sceneViewState":{"showFog":true,"showMaterialUpdate":false,"showSkybox":false,"showFlares":true,"showImageEffects":true,"showParticleSystems":true},"in2DMode":false,"pivot":{"x":2.325354814529419,"y":0.6928609013557434,"z":-0.18088793754577638},"rotation":{"x":0.004918927326798439,"y":-0.4715728759765625,"z":-0.002878074999898672,"w":-0.8820061683654785},"size":3.5660250186920168,"orthographic":false}