{"cameraMode":{"drawMode":0,"name":"Shaded","section":"Shading Mode"},"sceneLighting":false,"audioPlay":false,"sceneViewState":{"showFog":true,"showMaterialUpdate":false,"showSkybox":true,"showFlares":true,"showImageEffects":true,"showParticleSystems":true},"in2DMode":false,"pivot":{"x":-0.08924198150634766,"y":1.5462055206298829,"z":-1.0045881271362305},"rotation":{"x":-0.03881964087486267,"y":-0.9575037360191345,"z":0.24041880667209626,"w":-0.15470020473003388},"size":10.0,"orthographic":false}