{"cameraMode":{"drawMode":0,"name":"Shaded","section":"Shading Mode"},"sceneLighting":false,"audioPlay":false,"sceneViewState":{"showFog":true,"showMaterialUpdate":false,"showSkybox":false,"showFlares":true,"showImageEffects":true,"showParticleSystems":true},"in2DMode":false,"pivot":{"x":-3.0308663845062258,"y":-18.19513702392578,"z":11.136589050292969},"rotation":{"x":-0.5219179391860962,"y":0.10126327723264694,"z":-0.056213296949863437,"w":-0.8457108736038208},"size":14.264596939086914,"orthographic":false}